"Kind","Operation","Agent_Id","Allocation_Size","Address","Correlation_Id","Start_Timestamp","End_Timestamp"
"MEMORY_ALLOCATION","MEMORY_ALLOCATION_ALLOCATE","Agent 0",4194304,"0x00007fea8aa00000",1,10682105291504,10682106299778
"MEMORY_ALLOCATION","MEMORY_ALLOCATION_ALLOCATE","Agent 0",56,"0x00007fead9e56000",1,10682106433650,10682106457160
"MEMORY_ALLOCATION","MEMORY_ALLOCATION_ALLOCATE","Agent 1",6700597504,"0x00007fe65be00000",33,10682755285220,10682755538144
"MEMORY_ALLOCATION","MEMORY_ALLOCATION_ALLOCATE","Agent 0",4194304,"0x00007fea89e00000",35,10682764077111,10682765107425
"MEMORY_ALLOCATION","MEMORY_ALLOCATION_ALLOCATE","Agent 0",4194304,"0x00007fea88600000",35,10682774293851,10682775341155
"MEMORY_ALLOCATION","MEMORY_ALLOCATION_ALLOCATE","Agent 0",4194304,"0x00007fea83a00000",502,10682784700604,10682785749748
"MEMORY_ALLOCATION","MEMORY_ALLOCATION_ALLOCATE","Agent 0",4194304,"0x00007fea80200000",502,10682785832919,10682786885694
"MEMORY_ALLOCATION","MEMORY_ALLOCATION_ALLOCATE","Agent 0",1048576,"0x00007fea89a00000",2504,10683525111909,10683543910677
"MEMORY_ALLOCATION","MEMORY_ALLOCATION_ALLOCATE","Agent 1",8388608,"0x00007fea89000000",2507,10683544068209,10683544116310
"MEMORY_ALLOCATION","MEMORY_ALLOCATION_ALLOCATE","Agent 1",167772160,"0x00007fe971c00000",2513,10683544301893,10683544480655
"MEMORY_ALLOCATION","MEMORY_ALLOCATION_ALLOCATE","Agent 0",4194304,"0x00007fe969400000",2519,10683549398493,10683550466107
"MEMORY_ALLOCATION","MEMORY_ALLOCATION_ALLOCATE","Agent 0",4194304,"0x00007fe968e00000",2519,10683550511138,10683551618593
"MEMORY_ALLOCATION","MEMORY_ALLOCATION_ALLOCATE","Agent 1",554717184,"0x00007fe947a00000",2523,10683552461655,10683552936891
"MEMORY_ALLOCATION","MEMORY_ALLOCATION_ALLOCATE","Agent 0",16799744,"0x00007fe946800000",2524,10683552945091,10683557573995
"MEMORY_ALLOCATION","MEMORY_ALLOCATION_ALLOCATE","Agent 1",2487040,"0x00007fe946200000",2579,10683565862758,10683565931539
"MEMORY_ALLOCATION","MEMORY_ALLOCATION_ALLOCATE","Agent 1",26424320,"0x00007fe944600000",2627,10683589142078,10683589285970
"MEMORY_ALLOCATION","MEMORY_ALLOCATION_ALLOCATE","Agent 1",52848384,"0x00007fe941000000",3122,10683616502293,10683616601984
"MEMORY_ALLOCATION","MEMORY_ALLOCATION_ALLOCATE","Agent 1",485120,"0x00007feabc080000",12136,10683981988776,10683982074687
"MEMORY_ALLOCATION","MEMORY_ALLOCATION_ALLOCATE","Agent 1",485120,"0x00007feaac680000",12136,10683983368015,10683983405565
"MEMORY_ALLOCATION","MEMORY_ALLOCATION_ALLOCATE","Agent 1",485120,"0x00007feaac080000",12137,10683994622519,10683994678300
"MEMORY_ALLOCATION","MEMORY_ALLOCATION_FREE","",0,"0x00007fea89a00000",12141,10684373909261,10684374106254
"MEMORY_ALLOCATION","MEMORY_ALLOCATION_FREE","",0,"0x0000000000000000",12142,10684374135104,10684374135224
"MEMORY_ALLOCATION","MEMORY_ALLOCATION_FREE","",0,"0x00007fe969400000",12142,10684374138304,10684374703782
"MEMORY_ALLOCATION","MEMORY_ALLOCATION_FREE","",0,"0x00007fe968e00000",12142,10684374705442,10684375248950
"MEMORY_ALLOCATION","MEMORY_ALLOCATION_FREE","",0,"0x00007fe946200000",12144,10684375277240,10684375379101
"MEMORY_ALLOCATION","MEMORY_ALLOCATION_FREE","",0,"0x00007fe944600000",12145,10684375383131,10684375417072
"MEMORY_ALLOCATION","MEMORY_ALLOCATION_FREE","",0,"0x00007fe941000000",12146,10684375419842,10684375452552
"MEMORY_ALLOCATION","MEMORY_ALLOCATION_FREE","",0,"0x00007feabc080000",12147,10684375465263,10684375510383
"MEMORY_ALLOCATION","MEMORY_ALLOCATION_FREE","",0,"0x00007feaac680000",12147,10684375511293,10684375551434
"MEMORY_ALLOCATION","MEMORY_ALLOCATION_FREE","",0,"0x00007feaac080000",12147,10684375552084,10684375590064
"MEMORY_ALLOCATION","MEMORY_ALLOCATION_FREE","",0,"0x00007fe947a00000",12149,10684377665243,10684377764434
"MEMORY_ALLOCATION","MEMORY_ALLOCATION_FREE","",0,"0x00007fe946800000",12150,10684377768624,10684379607889
"MEMORY_ALLOCATION","MEMORY_ALLOCATION_FREE","",0,"0x00007fe971c00000",12151,10684379723591,10684379763282
"MEMORY_ALLOCATION","MEMORY_ALLOCATION_FREE","",0,"0x00007fea89000000",12152,10684379810252,10684379841863
"MEMORY_ALLOCATION","MEMORY_ALLOCATION_ALLOCATE","Agent 0",1048576,"0x00007fea89a00000",12155,10684379931204,10684380285669
"MEMORY_ALLOCATION","MEMORY_ALLOCATION_ALLOCATE","Agent 1",4194304,"0x00007fea89400000",12158,10684380371070,10684380421941
"MEMORY_ALLOCATION","MEMORY_ALLOCATION_ALLOCATE","Agent 1",83886080,"0x00007fe976c00000",12164,10684380522112,10684380562273
"MEMORY_ALLOCATION","MEMORY_ALLOCATION_ALLOCATE","Agent 0",4194304,"0x00007fe96e400000",12170,10684385756434,10684386834589
"MEMORY_ALLOCATION","MEMORY_ALLOCATION_ALLOCATE","Agent 0",4194304,"0x00007fe96de00000",12170,10684386877299,10684387940994
"MEMORY_ALLOCATION","MEMORY_ALLOCATION_ALLOCATE","Agent 1",139334656,"0x00007fe961200000",12174,10684388412460,10684388540212
"MEMORY_ALLOCATION","MEMORY_ALLOCATION_ALLOCATE","Agent 0",4068864,"0x00007fe96da00000",12175,10684388545952,10684389609367
"MEMORY_ALLOCATION","MEMORY_ALLOCATION_ALLOCATE","Agent 1",4864,"0x00007fe96d600000",12229,10684392269003,10684392350924
"MEMORY_ALLOCATION","MEMORY_ALLOCATION_ALLOCATE","Agent 1",137728,"0x00007fe96d602000",12275,10684392461826,10684392462756
"MEMORY_ALLOCATION","MEMORY_ALLOCATION_ALLOCATE","Agent 1",448256,"0x00007feabc080000",19976,10684419247053,10684419323774
"MEMORY_ALLOCATION","MEMORY_ALLOCATION_ALLOCATE","Agent 1",448256,"0x00007feaac680000",19976,10684420708493,10684420759784
"MEMORY_ALLOCATION","MEMORY_ALLOCATION_ALLOCATE","Agent 1",448256,"0x00007feaac080000",19977,10684432090019,10684432138730
"MEMORY_ALLOCATION","MEMORY_ALLOCATION_FREE","",0,"0x00007fea89a00000",25569,10687150470229,10687150661522
"MEMORY_ALLOCATION","MEMORY_ALLOCATION_FREE","",0,"0x0000000000000000",25570,10687150684592,10687150684682
"MEMORY_ALLOCATION","MEMORY_ALLOCATION_FREE","",0,"0x00007fe96e400000",25570,10687150688072,10687151282460
"MEMORY_ALLOCATION","MEMORY_ALLOCATION_FREE","",0,"0x00007fe96de00000",25570,10687151284360,10687151806518
"MEMORY_ALLOCATION","MEMORY_ALLOCATION_FREE","",0,"0x00007fe96d600000",25572,10687151847538,10687151848998
"MEMORY_ALLOCATION","MEMORY_ALLOCATION_FREE","",0,"0x00007fe96d602000",25573,10687151851598,10687151852868
"MEMORY_ALLOCATION","MEMORY_ALLOCATION_FREE","",0,"0x00007feabc080000",25574,10687151856398,10687151957830
"MEMORY_ALLOCATION","MEMORY_ALLOCATION_FREE","",0,"0x00007feaac680000",25574,10687151958570,10687151998100
"MEMORY_ALLOCATION","MEMORY_ALLOCATION_FREE","",0,"0x00007feaac080000",25574,10687151998670,10687152045651
"MEMORY_ALLOCATION","MEMORY_ALLOCATION_FREE","",0,"0x00007fe961200000",25576,10687153883496,10687153975877
"MEMORY_ALLOCATION","MEMORY_ALLOCATION_FREE","",0,"0x00007fe96da00000",25577,10687153980377,10687154449834
"MEMORY_ALLOCATION","MEMORY_ALLOCATION_FREE","",0,"0x00007fe976c00000",25578,10687154512925,10687154552095
"MEMORY_ALLOCATION","MEMORY_ALLOCATION_FREE","",0,"0x00007fea89400000",25579,10687154585276,10687154636246
"MEMORY_ALLOCATION","MEMORY_ALLOCATION_FREE","",0,"0x00007fe65be00000",25580,10687154645496,10687154784238
